claim_id;claim_date;vehicle_model;vehicle_brand;vehicle_market_value
26;2023-01-03 00:00:00+00:00;2000;CHEVROLET;303000000.0
36;2023-01-27 00:00:00+00:00;2012;PEUGEOT;352000000.0
45;2023-01-06 00:00:00+00:00;2010;CHEVROLET;310000000.0
46;2023-01-06 00:00:00+00:00;2019;NISSAN;868000000.0
49;2023-01-08 00:00:00+00:00;1994;TOYOTA;719000000.0
51;2023-01-27 00:00:00+00:00;2011;CHEVROLET;862000000.0
52;2023-01-30 00:00:00+00:00;2018;PEUGEOT;35000000.0
85;2023-01-17 00:00:00+00:00;2015;CHEVROLET;701000000.0
86;2023-01-11 00:00:00+00:00;2023;RENAULT;679000000.0
95;2023-01-10 00:00:00+00:00;2020;CHEVROLET;441000000.0
128;2023-01-18 00:00:00+00:00;2022;NISSAN;74000000.0
140;2023-01-23 00:00:00+00:00;2020;TOYOTA;652000000.0
142;2023-01-11 00:00:00+00:00;2011;TOYOTA;974000000.0
157;2023-01-20 00:00:00+00:00;2022;CHEVROLET;260000000.0
162;2023-01-28 00:00:00+00:00;2019;TOYOTA;421000000.0
172;2023-01-18 00:00:00+00:00;2010;CHEVROLET;816000000.0
184;2023-01-31 00:00:00+00:00;2012;RENAULT;751000000.0
187;2023-01-10 00:00:00+00:00;2021;RENAULT;175000000.0
193;2023-01-20 00:00:00+00:00;2011;RENAULT;203000000.0
196;2023-01-23 00:00:00+00:00;2011;RENAULT;268000000.0
200;2023-01-23 00:00:00+00:00;2020;MAZDA;950000000.0
223;2023-01-22 00:00:00+00:00;2011;CHEVROLET;9000000.0
263;2023-01-16 00:00:00+00:00;1994;RENAULT;289000000.0
272;2023-01-09 00:00:00+00:00;2001;SUBARU;799000000.0
282;2023-01-12 00:00:00+00:00;1994;SUBARU;546000000.0
297;2023-01-20 00:00:00+00:00;2015;PEUGEOT;488000000.0
302;2023-01-28 00:00:00+00:00;2015;CHEVROLET;541000000.0
309;2023-01-04 00:00:00+00:00;2012;TOYOTA;94000000.0
335;2023-01-04 00:00:00+00:00;2021;CHEVROLET;988000000.0
366;2023-01-02 00:00:00+00:00;2012;PEUGEOT;695000000.0
368;2023-01-04 00:00:00+00:00;2023;RENAULT;727000000.0
370;2023-01-26 00:00:00+00:00;2011;NISSAN;4000000.0
403;2023-01-22 00:00:00+00:00;2020;PEUGEOT;735000000.0
409;2023-01-11 00:00:00+00:00;2019;NISSAN;469000000.0
428;2023-01-07 00:00:00+00:00;2021;NISSAN;122000000.0
443;2023-01-05 00:00:00+00:00;2021;RENAULT;85000000.0
451;2023-01-22 00:00:00+00:00;2015;TOYOTA;51000000.0
457;2023-01-24 00:00:00+00:00;2019;MAZDA;472000000.0
488;2023-01-12 00:00:00+00:00;2001;SUBARU;704000000.0
494;2023-01-26 00:00:00+00:00;2018;PEUGEOT;912000000.0
497;2023-01-17 00:00:00+00:00;2020;TOYOTA;617000000.0
501;2023-01-03 00:00:00+00:00;2023;PEUGEOT;743000000.0
524;2023-01-23 00:00:00+00:00;2011;NISSAN;3000000.0
530;2023-01-09 00:00:00+00:00;2019;CHEVROLET;820000000.0
535;2023-01-13 00:00:00+00:00;2023;TOYOTA;235000000.0
537;2023-01-06 00:00:00+00:00;2019;MAZDA;658000000.0
547;2023-01-07 00:00:00+00:00;2021;TOYOTA;542000000.0
557;2023-01-28 00:00:00+00:00;2012;RENAULT;535000000.0
567;2023-01-24 00:00:00+00:00;2000;NISSAN;100000000.0
573;;2011;SUBARU;759000000.0
583;;2021;MAZDA;198000000.0
602;2023-01-16 00:00:00+00:00;2019;PEUGEOT;620000000.0
603;;2010;PEUGEOT;750000000.0
611;2023-01-08 00:00:00+00:00;2019;NISSAN;509000000.0
616;2023-01-06 00:00:00+00:00;1994;CHEVROLET;757000000.0
623;2023-01-19 00:00:00+00:00;2021;SUBARU;656000000.0
628;2023-01-31 00:00:00+00:00;2000;CHEVROLET;487000000.0
629;2023-01-13 00:00:00+00:00;2020;SUBARU;117000000.0
636;2023-01-16 00:00:00+00:00;2001;RENAULT;697000000.0
643;2023-01-21 00:00:00+00:00;1994;MAZDA;528000000.0
697;2023-01-31 00:00:00+00:00;2018;MAZDA;592000000.0
711;2023-01-28 00:00:00+00:00;2010;RENAULT;196000000.0
714;2023-01-20 00:00:00+00:00;2011;MAZDA;65000000.0
719;2023-01-21 00:00:00+00:00;2022;RENAULT;736000000.0
725;2023-01-10 00:00:00+00:00;2010;SUBARU;780000000.0
730;2023-01-26 00:00:00+00:00;2020;PEUGEOT;270000000.0
732;;2012;PEUGEOT;603000000.0
742;2023-01-10 00:00:00+00:00;2012;CHEVROLET;995000000.0
747;;2015;CHEVROLET;798000000.0
749;2023-01-28 00:00:00+00:00;2023;CHEVROLET;676000000.0
753;2023-01-09 00:00:00+00:00;2023;RENAULT;351000000.0
761;2023-01-07 00:00:00+00:00;1994;PEUGEOT;137000000.0
775;2023-01-02 00:00:00+00:00;1994;MAZDA;665000000.0
784;2023-01-12 00:00:00+00:00;2010;SUBARU;1000000.0
796;2023-01-28 00:00:00+00:00;2019;NISSAN;343000000.0
807;2023-01-08 00:00:00+00:00;2012;MAZDA;629000000.0
809;2023-01-02 00:00:00+00:00;1994;CHEVROLET;761000000.0
810;2023-01-02 00:00:00+00:00;2019;NISSAN;433000000.0
820;2023-01-25 00:00:00+00:00;2000;CHEVROLET;794000000.0
826;2023-01-18 00:00:00+00:00;2001;CHEVROLET;914000000.0
833;2023-01-14 00:00:00+00:00;2000;TOYOTA;747000000.0
841;2023-01-22 00:00:00+00:00;2022;NISSAN;730000000.0
850;2023-01-12 00:00:00+00:00;2019;CHEVROLET;9000000.0
858;2023-01-17 00:00:00+00:00;2010;CHEVROLET;648000000.0
869;2023-01-22 00:00:00+00:00;2000;TOYOTA;435000000.0
882;2023-01-18 00:00:00+00:00;2019;TOYOTA;132000000.0
887;2023-01-10 00:00:00+00:00;2019;NISSAN;433000000.0
892;2023-01-07 00:00:00+00:00;2023;MAZDA;356000000.0
894;2023-01-05 00:00:00+00:00;2019;PEUGEOT;526000000.0
912;2023-01-23 00:00:00+00:00;2022;CHEVROLET;222000000.0
918;2023-01-22 00:00:00+00:00;2000;RENAULT;30000000.0
923;2023-01-21 00:00:00+00:00;2012;SUBARU;129000000.0
932;2023-01-04 00:00:00+00:00;2012;MAZDA;419000000.0
933;;2022;CHEVROLET;219000000.0
941;2023-01-23 00:00:00+00:00;2001;PEUGEOT;188000000.0
942;;2022;SUBARU;879000000.0
957;;2010;NISSAN;235000000.0
998;2023-01-26 00:00:00+00:00;2001;CHEVROLET;153000000.0
1003;;2011;RENAULT;689000000.0
1011;2023-01-21 00:00:00+00:00;2012;SUBARU;720000000.0
1017;2023-01-28 00:00:00+00:00;2010;CHEVROLET;736000000.0
1025;2023-01-14 00:00:00+00:00;2012;CHEVROLET;509000000.0
1033;2023-01-03 00:00:00+00:00;2012;SUBARU;513000000.0
1062;2023-01-27 00:00:00+00:00;2018;CHEVROLET;392000000.0
1084;2023-01-20 00:00:00+00:00;2011;TOYOTA;683000000.0
1097;2023-01-05 00:00:00+00:00;2018;CHEVROLET;519000000.0
1112;2023-01-08 00:00:00+00:00;2012;NISSAN;697000000.0
1113;2023-01-14 00:00:00+00:00;2012;CHEVROLET;697000000.0
1124;2023-01-09 00:00:00+00:00;2012;MAZDA;584000000.0
1126;2023-01-16 00:00:00+00:00;2020;MAZDA;308000000.0
1129;2023-01-21 00:00:00+00:00;2022;NISSAN;9000000.0
1132;2023-01-24 00:00:00+00:00;2011;TOYOTA;388000000.0
1148;2023-01-22 00:00:00+00:00;2010;NISSAN;706000000.0
1160;2023-01-23 00:00:00+00:00;2020;SUBARU;616000000.0
1161;2023-01-23 00:00:00+00:00;2010;TOYOTA;913000000.0
1165;2023-01-14 00:00:00+00:00;1994;NISSAN;909000000.0
1185;2023-01-14 00:00:00+00:00;2010;PEUGEOT;511000000.0
1190;2023-01-31 00:00:00+00:00;2020;SUBARU;134000000.0
1191;2023-01-23 00:00:00+00:00;2000;SUBARU;97000000.0
1194;2023-01-06 00:00:00+00:00;2021;PEUGEOT;327000000.0
1202;2023-01-16 00:00:00+00:00;2001;RENAULT;609000000.0
1222;2023-01-21 00:00:00+00:00;2000;CHEVROLET;16000000.0
1223;2023-01-28 00:00:00+00:00;1994;RENAULT;68000000.0
1234;2023-01-04 00:00:00+00:00;2023;PEUGEOT;610000000.0
1248;2023-01-09 00:00:00+00:00;2012;SUBARU;355000000.0
1263;2023-01-11 00:00:00+00:00;1994;NISSAN;607000000.0
1294;2023-01-31 00:00:00+00:00;2018;TOYOTA;296000000.0
1296;2023-01-19 00:00:00+00:00;2019;NISSAN;438000000.0
1310;2023-01-23 00:00:00+00:00;1994;CHEVROLET;908000000.0
1315;2023-01-07 00:00:00+00:00;2021;SUBARU;366000000.0
1333;2023-01-11 00:00:00+00:00;2020;PEUGEOT;639000000.0
1345;2023-01-05 00:00:00+00:00;2010;PEUGEOT;520000000.0
1347;2023-01-31 00:00:00+00:00;2015;RENAULT;715000000.0
1369;2023-01-20 00:00:00+00:00;2015;NISSAN;621000000.0
1378;2023-01-10 00:00:00+00:00;1994;PEUGEOT;804000000.0
1379;2023-01-18 00:00:00+00:00;2021;NISSAN;61000000.0
1399;2023-01-03 00:00:00+00:00;2020;CHEVROLET;421000000.0
1419;2023-01-26 00:00:00+00:00;2021;MAZDA;3000000.0
1433;2023-01-03 00:00:00+00:00;2015;TOYOTA;938000000.0
1458;2023-01-04 00:00:00+00:00;2011;CHEVROLET;784000000.0
1465;2023-01-29 00:00:00+00:00;2001;PEUGEOT;840000000.0
1482;2023-01-18 00:00:00+00:00;2020;MAZDA;755000000.0
1515;2023-01-30 00:00:00+00:00;2010;PEUGEOT;713000000.0
1524;2023-01-10 00:00:00+00:00;2018;CHEVROLET;49000000.0
1531;2023-01-10 00:00:00+00:00;2019;TOYOTA;256000000.0
1572;2023-01-21 00:00:00+00:00;2020;CHEVROLET;24000000.0
1584;2023-01-12 00:00:00+00:00;2018;RENAULT;542000000.0
1588;2023-01-21 00:00:00+00:00;2015;SUBARU;769000000.0
1599;2023-01-28 00:00:00+00:00;2021;PEUGEOT;300000000.0
1617;2023-01-08 00:00:00+00:00;2022;PEUGEOT;550000000.0
1626;2023-01-02 00:00:00+00:00;2020;CHEVROLET;12000000.0
1640;2023-01-07 00:00:00+00:00;2001;CHEVROLET;32000000.0
1668;2023-01-18 00:00:00+00:00;1994;RENAULT;901000000.0
1679;2023-01-11 00:00:00+00:00;2019;CHEVROLET;211000000.0
1683;;2021;NISSAN;599000000.0
1687;2023-01-16 00:00:00+00:00;2012;CHEVROLET;218000000.0
1688;2023-01-24 00:00:00+00:00;2019;TOYOTA;48000000.0
1696;2023-01-31 00:00:00+00:00;2001;CHEVROLET;94000000.0
1704;2023-01-30 00:00:00+00:00;2019;TOYOTA;95000000.0
1707;2023-01-14 00:00:00+00:00;2000;PEUGEOT;253000000.0
1713;2023-01-28 00:00:00+00:00;2012;RENAULT;538000000.0
1714;2023-01-12 00:00:00+00:00;2023;MAZDA;735000000.0
1718;2023-01-16 00:00:00+00:00;1994;MAZDA;942000000.0
1723;2023-01-09 00:00:00+00:00;2021;MAZDA;81000000.0
1741;2023-01-23 00:00:00+00:00;2019;NISSAN;792000000.0
1746;2023-01-12 00:00:00+00:00;1994;NISSAN;990000000.0
1775;2023-01-21 00:00:00+00:00;2011;MAZDA;251000000.0
1796;2023-01-19 00:00:00+00:00;2015;TOYOTA;181000000.0
1798;2023-01-22 00:00:00+00:00;2018;TOYOTA;549000000.0
1801;2023-01-26 00:00:00+00:00;2015;SUBARU;966000000.0
1806;2023-01-16 00:00:00+00:00;2010;SUBARU;201000000.0
1807;2023-01-31 00:00:00+00:00;2021;NISSAN;759000000.0
1815;2023-01-25 00:00:00+00:00;2021;RENAULT;924000000.0
1838;2023-01-21 00:00:00+00:00;2022;CHEVROLET;599000000.0
1844;2023-01-30 00:00:00+00:00;2012;NISSAN;280000000.0
1853;2023-01-04 00:00:00+00:00;2019;MAZDA;842000000.0
1879;2023-01-21 00:00:00+00:00;2012;CHEVROLET;994000000.0
1880;2023-01-24 00:00:00+00:00;2019;SUBARU;312000000.0
1915;2023-01-12 00:00:00+00:00;2015;NISSAN;854000000.0
1923;2023-01-16 00:00:00+00:00;2022;NISSAN;86000000.0
1925;2023-01-05 00:00:00+00:00;2000;TOYOTA;101000000.0
1935;2023-01-26 00:00:00+00:00;2010;SUBARU;83000000.0
1948;2023-01-03 00:00:00+00:00;2012;NISSAN;452000000.0
1951;2023-01-13 00:00:00+00:00;2022;PEUGEOT;458000000.0
1953;2023-01-08 00:00:00+00:00;2000;MAZDA;158000000.0
1963;2023-01-26 00:00:00+00:00;2021;PEUGEOT;560000000.0
1975;2023-01-31 00:00:00+00:00;2019;NISSAN;377000000.0
1977;2023-01-23 00:00:00+00:00;2012;NISSAN;523000000.0
1987;2023-01-09 00:00:00+00:00;2011;CHEVROLET;182000000.0
2023;2023-01-21 00:00:00+00:00;2021;NISSAN;534000000.0
2026;2023-01-28 00:00:00+00:00;2022;NISSAN;249000000.0
2032;2023-01-27 00:00:00+00:00;2021;MAZDA;451000000.0
2049;2023-01-02 00:00:00+00:00;1994;NISSAN;85000000.0
2050;2023-01-28 00:00:00+00:00;2021;TOYOTA;892000000.0
2058;;2019;SUBARU;547000000.0
2059;2023-01-27 00:00:00+00:00;2001;NISSAN;610000000.0
2062;2023-01-14 00:00:00+00:00;2010;TOYOTA;489000000.0
2064;2023-01-06 00:00:00+00:00;2018;TOYOTA;784000000.0
2093;2023-01-29 00:00:00+00:00;2018;TOYOTA;405000000.0
2095;;2023;SUBARU;437000000.0
2127;2023-01-22 00:00:00+00:00;2020;MAZDA;735000000.0
2131;2023-01-21 00:00:00+00:00;2011;TOYOTA;476000000.0
2133;2023-01-16 00:00:00+00:00;2018;SUBARU;630000000.0
2147;2023-01-19 00:00:00+00:00;2020;SUBARU;402000000.0
2150;2023-01-27 00:00:00+00:00;2011;SUBARU;66000000.0
2156;2023-01-24 00:00:00+00:00;2010;TOYOTA;455000000.0
2159;2023-01-31 00:00:00+00:00;2021;MAZDA;789000000.0
2165;2023-01-05 00:00:00+00:00;2020;SUBARU;674000000.0
2180;2023-01-09 00:00:00+00:00;2000;SUBARU;401000000.0
2201;2023-01-14 00:00:00+00:00;2022;RENAULT;267000000.0
2222;2023-01-23 00:00:00+00:00;2022;CHEVROLET;760000000.0
2238;2023-01-16 00:00:00+00:00;2021;TOYOTA;778000000.0
2247;2023-01-29 00:00:00+00:00;2019;PEUGEOT;512000000.0
2252;2023-01-25 00:00:00+00:00;2001;RENAULT;752000000.0
2268;2023-01-10 00:00:00+00:00;2021;RENAULT;748000000.0
2272;2023-01-03 00:00:00+00:00;1994;NISSAN;408000000.0
2274;2023-01-22 00:00:00+00:00;2015;CHEVROLET;271000000.0
2294;2023-01-25 00:00:00+00:00;2000;CHEVROLET;75000000.0
2310;2023-01-17 00:00:00+00:00;2015;NISSAN;523000000.0
2343;2023-01-30 00:00:00+00:00;2011;SUBARU;263000000.0
2344;2023-01-10 00:00:00+00:00;2022;MAZDA;387000000.0
2346;2023-01-14 00:00:00+00:00;2022;PEUGEOT;961000000.0
2350;2023-01-17 00:00:00+00:00;2018;NISSAN;388000000.0
2353;2023-01-05 00:00:00+00:00;2022;RENAULT;73000000.0
2365;2023-01-30 00:00:00+00:00;2001;CHEVROLET;117000000.0
2368;2023-01-28 00:00:00+00:00;2001;PEUGEOT;573000000.0
2371;2023-01-20 00:00:00+00:00;2012;CHEVROLET;41000000.0
2384;2023-01-19 00:00:00+00:00;2010;RENAULT;796000000.0
2390;2023-01-22 00:00:00+00:00;2010;PEUGEOT;963000000.0
2394;2023-01-13 00:00:00+00:00;2021;TOYOTA;746000000.0
2397;2023-01-23 00:00:00+00:00;2022;RENAULT;664000000.0
2399;2023-01-03 00:00:00+00:00;2020;TOYOTA;740000000.0
2401;;2018;NISSAN;192000000.0
2422;2023-01-03 00:00:00+00:00;2021;TOYOTA;264000000.0
2430;2023-01-30 00:00:00+00:00;2000;CHEVROLET;972000000.0
2444;2023-01-27 00:00:00+00:00;2019;MAZDA;812000000.0
2452;2023-01-27 00:00:00+00:00;2015;CHEVROLET;383000000.0
2468;2023-01-27 00:00:00+00:00;2012;NISSAN;528000000.0
2480;2023-01-03 00:00:00+00:00;2015;NISSAN;552000000.0
2482;2023-01-23 00:00:00+00:00;2018;TOYOTA;54000000.0
2487;2023-01-30 00:00:00+00:00;2022;SUBARU;896000000.0
2493;2023-01-26 00:00:00+00:00;2015;RENAULT;399000000.0
2531;2023-01-05 00:00:00+00:00;2023;RENAULT;729000000.0
2534;2023-01-29 00:00:00+00:00;2011;PEUGEOT;979000000.0
2552;2023-01-08 00:00:00+00:00;2010;NISSAN;725000000.0
2562;2023-01-27 00:00:00+00:00;2022;RENAULT;663000000.0
2587;;2000;SUBARU;398000000.0
2595;2023-01-07 00:00:00+00:00;2020;SUBARU;902000000.0
2602;2023-01-25 00:00:00+00:00;1994;CHEVROLET;549000000.0
2607;2023-01-05 00:00:00+00:00;2018;RENAULT;850000000.0
2619;2023-01-02 00:00:00+00:00;2018;TOYOTA;764000000.0
2630;2023-01-23 00:00:00+00:00;2011;CHEVROLET;945000000.0
2654;2023-01-23 00:00:00+00:00;2015;TOYOTA;934000000.0
2662;2023-01-18 00:00:00+00:00;2001;CHEVROLET;540000000.0
2666;2023-01-18 00:00:00+00:00;2011;CHEVROLET;853000000.0
2677;2023-01-06 00:00:00+00:00;2023;SUBARU;334000000.0
2717;2023-01-20 00:00:00+00:00;2019;PEUGEOT;751000000.0
2725;2023-01-28 00:00:00+00:00;2000;CHEVROLET;300000000.0
2734;2023-01-18 00:00:00+00:00;2015;CHEVROLET;802000000.0
2735;2023-01-06 00:00:00+00:00;2021;TOYOTA;700000000.0
2753;2023-01-08 00:00:00+00:00;2001;CHEVROLET;390000000.0
2756;2023-01-10 00:00:00+00:00;2021;SUBARU;181000000.0
2763;2023-01-18 00:00:00+00:00;2022;CHEVROLET;241000000.0
2787;2023-01-16 00:00:00+00:00;2010;CHEVROLET;481000000.0
2824;2023-01-16 00:00:00+00:00;2021;NISSAN;160000000.0
2830;2023-01-08 00:00:00+00:00;2018;MAZDA;677000000.0
2865;2023-01-11 00:00:00+00:00;2021;SUBARU;486000000.0
2866;2023-01-24 00:00:00+00:00;2018;SUBARU;683000000.0
2870;2023-01-11 00:00:00+00:00;2011;SUBARU;206000000.0
2877;2023-01-02 00:00:00+00:00;2001;RENAULT;320000000.0
2895;2023-01-22 00:00:00+00:00;2010;CHEVROLET;902000000.0
2911;2023-01-16 00:00:00+00:00;2015;NISSAN;64000000.0
2912;2023-01-28 00:00:00+00:00;2001;SUBARU;557000000.0
2924;2023-01-22 00:00:00+00:00;2020;NISSAN;285000000.0
2926;2023-01-28 00:00:00+00:00;2015;NISSAN;810000000.0
2928;2023-01-29 00:00:00+00:00;2018;RENAULT;502000000.0
2944;2023-01-21 00:00:00+00:00;2018;PEUGEOT;545000000.0
2962;2023-01-12 00:00:00+00:00;2022;MAZDA;410000000.0
2963;2023-01-28 00:00:00+00:00;2000;SUBARU;919000000.0
2966;2023-01-25 00:00:00+00:00;2023;CHEVROLET;390000000.0
2984;2023-01-08 00:00:00+00:00;2000;MAZDA;223000000.0
2990;2023-01-24 00:00:00+00:00;2011;CHEVROLET;680000000.0
3008;2023-01-22 00:00:00+00:00;2010;SUBARU;297000000.0
3023;2023-01-09 00:00:00+00:00;2010;CHEVROLET;640000000.0
3049;2023-01-31 00:00:00+00:00;2001;MAZDA;724000000.0
3050;2023-01-21 00:00:00+00:00;2021;RENAULT;958000000.0
3056;2023-01-29 00:00:00+00:00;2010;MAZDA;77000000.0
3087;2023-01-10 00:00:00+00:00;1994;CHEVROLET;108000000.0
3115;2023-01-08 00:00:00+00:00;2020;CHEVROLET;157000000.0
3119;2023-01-09 00:00:00+00:00;2023;SUBARU;187000000.0
3148;2023-01-16 00:00:00+00:00;2021;SUBARU;351000000.0
3156;2023-01-11 00:00:00+00:00;2012;RENAULT;820000000.0
3165;2023-01-22 00:00:00+00:00;2018;CHEVROLET;300000000.0
3168;2023-01-19 00:00:00+00:00;2015;RENAULT;920000000.0
3172;2023-01-17 00:00:00+00:00;2023;NISSAN;193000000.0
3191;2023-01-13 00:00:00+00:00;2022;NISSAN;70000000.0
3194;2023-01-26 00:00:00+00:00;2023;TOYOTA;123000000.0
3234;2023-01-25 00:00:00+00:00;2000;CHEVROLET;290000000.0
3236;2023-01-14 00:00:00+00:00;2021;CHEVROLET;454000000.0
3237;2023-01-02 00:00:00+00:00;2012;CHEVROLET;816000000.0
3251;2023-01-13 00:00:00+00:00;2000;CHEVROLET;225000000.0
3256;2023-01-14 00:00:00+00:00;2010;RENAULT;623000000.0
3260;2023-01-23 00:00:00+00:00;1994;TOYOTA;978000000.0
3261;;2001;NISSAN;6000000.0
3270;2023-01-08 00:00:00+00:00;2011;CHEVROLET;103000000.0
3298;2023-01-22 00:00:00+00:00;2020;TOYOTA;177000000.0
3302;2023-01-16 00:00:00+00:00;2023;PEUGEOT;26000000.0
3311;2023-01-13 00:00:00+00:00;2015;SUBARU;652000000.0
3312;2023-01-21 00:00:00+00:00;2015;PEUGEOT;308000000.0
3322;2023-01-22 00:00:00+00:00;2001;TOYOTA;422000000.0
3323;2023-01-22 00:00:00+00:00;2001;SUBARU;245000000.0
3327;2023-01-11 00:00:00+00:00;2018;CHEVROLET;249000000.0
3346;2023-01-07 00:00:00+00:00;2012;PEUGEOT;163000000.0
3349;2023-01-19 00:00:00+00:00;2018;CHEVROLET;774000000.0
3355;2023-01-20 00:00:00+00:00;1994;MAZDA;252000000.0
3363;2023-01-22 00:00:00+00:00;2000;CHEVROLET;878000000.0
3368;2023-01-27 00:00:00+00:00;2019;CHEVROLET;561000000.0
3371;2023-01-21 00:00:00+00:00;2001;CHEVROLET;596000000.0
3385;2023-01-08 00:00:00+00:00;2000;RENAULT;497000000.0
3389;2023-01-24 00:00:00+00:00;1994;PEUGEOT;889000000.0
3405;2023-01-25 00:00:00+00:00;2011;CHEVROLET;255000000.0
3406;2023-01-09 00:00:00+00:00;1994;CHEVROLET;53000000.0
3424;2023-01-08 00:00:00+00:00;2011;RENAULT;388000000.0
3425;2023-01-20 00:00:00+00:00;2012;NISSAN;74000000.0
3429;2023-01-09 00:00:00+00:00;2012;CHEVROLET;884000000.0
3440;2023-01-24 00:00:00+00:00;2010;PEUGEOT;171000000.0
3441;2023-01-11 00:00:00+00:00;2021;CHEVROLET;70000000.0
3445;2023-01-29 00:00:00+00:00;2018;RENAULT;441000000.0
3450;2023-01-25 00:00:00+00:00;2019;CHEVROLET;371000000.0
3458;2023-01-20 00:00:00+00:00;2011;MAZDA;642000000.0
3460;2023-01-07 00:00:00+00:00;2020;RENAULT;455000000.0
3484;2023-01-04 00:00:00+00:00;2001;PEUGEOT;540000000.0
3499;2023-01-10 00:00:00+00:00;2000;PEUGEOT;514000000.0
3508;2023-01-30 00:00:00+00:00;2018;RENAULT;254000000.0
3522;2023-01-10 00:00:00+00:00;2015;CHEVROLET;295000000.0
3534;2023-01-10 00:00:00+00:00;2001;NISSAN;911000000.0
3543;2023-01-02 00:00:00+00:00;2020;RENAULT;651000000.0
3551;2023-01-05 00:00:00+00:00;1994;PEUGEOT;773000000.0
3554;2023-01-08 00:00:00+00:00;2010;NISSAN;918000000.0
3568;2023-01-07 00:00:00+00:00;2018;TOYOTA;634000000.0
3594;2023-01-23 00:00:00+00:00;2020;CHEVROLET;995000000.0
3597;2023-01-19 00:00:00+00:00;2019;NISSAN;52000000.0
3599;2023-01-02 00:00:00+00:00;2011;SUBARU;905000000.0
3612;2023-01-14 00:00:00+00:00;2018;MAZDA;778000000.0
3613;2023-01-21 00:00:00+00:00;2011;CHEVROLET;947000000.0
3631;2023-01-23 00:00:00+00:00;2022;RENAULT;40000000.0
3653;2023-01-04 00:00:00+00:00;2018;CHEVROLET;206000000.0
3655;2023-01-29 00:00:00+00:00;2001;RENAULT;940000000.0
3661;2023-01-21 00:00:00+00:00;2022;RENAULT;85000000.0
3688;2023-01-07 00:00:00+00:00;2000;SUBARU;85000000.0
3697;2023-01-16 00:00:00+00:00;2010;RENAULT;375000000.0
3701;2023-01-07 00:00:00+00:00;2001;SUBARU;335000000.0
3703;2023-01-04 00:00:00+00:00;2019;NISSAN;605000000.0
3725;2023-01-26 00:00:00+00:00;2020;CHEVROLET;14000000.0
3744;2023-01-31 00:00:00+00:00;1994;TOYOTA;608000000.0
3748;2023-01-31 00:00:00+00:00;2011;CHEVROLET;883000000.0
3761;2023-01-20 00:00:00+00:00;2001;SUBARU;508000000.0
3788;2023-01-25 00:00:00+00:00;2023;MAZDA;403000000.0
3789;2023-01-21 00:00:00+00:00;2015;SUBARU;751000000.0
3795;2023-01-28 00:00:00+00:00;2019;SUBARU;922000000.0
3799;2023-01-22 00:00:00+00:00;2012;RENAULT;945000000.0
3809;2023-01-02 00:00:00+00:00;1994;TOYOTA;410000000.0
3825;2023-01-10 00:00:00+00:00;2000;CHEVROLET;448000000.0
3845;2023-01-30 00:00:00+00:00;2023;CHEVROLET;923000000.0
3849;2023-01-25 00:00:00+00:00;2012;PEUGEOT;181000000.0
3861;2023-01-06 00:00:00+00:00;2011;PEUGEOT;685000000.0
3874;2023-01-10 00:00:00+00:00;2000;SUBARU;927000000.0
3899;2023-01-06 00:00:00+00:00;1994;NISSAN;695000000.0
3904;2023-01-06 00:00:00+00:00;2018;PEUGEOT;298000000.0
3915;2023-01-31 00:00:00+00:00;2019;SUBARU;274000000.0
3937;2023-01-08 00:00:00+00:00;2011;MAZDA;6000000.0
3957;2023-01-28 00:00:00+00:00;2019;PEUGEOT;527000000.0
3975;2023-01-05 00:00:00+00:00;2012;MAZDA;693000000.0
3977;2023-01-23 00:00:00+00:00;2000;SUBARU;607000000.0
3986;2023-01-18 00:00:00+00:00;2015;CHEVROLET;303000000.0
3990;2023-01-28 00:00:00+00:00;2010;CHEVROLET;630000000.0
4008;2023-01-07 00:00:00+00:00;2000;CHEVROLET;852000000.0
4020;2023-01-08 00:00:00+00:00;2021;CHEVROLET;810000000.0
4023;2023-01-29 00:00:00+00:00;2018;MAZDA;825000000.0
4032;2023-01-23 00:00:00+00:00;2012;PEUGEOT;774000000.0
4042;2023-01-10 00:00:00+00:00;2019;TOYOTA;107000000.0
4043;2023-01-24 00:00:00+00:00;1994;PEUGEOT;262000000.0
4044;2023-01-26 00:00:00+00:00;2020;CHEVROLET;697000000.0
4069;2023-01-29 00:00:00+00:00;2022;RENAULT;340000000.0
4071;2023-01-11 00:00:00+00:00;2012;CHEVROLET;226000000.0
4074;2023-01-14 00:00:00+00:00;2019;RENAULT;935000000.0
4076;2023-01-16 00:00:00+00:00;2019;CHEVROLET;110000000.0
4082;2023-01-06 00:00:00+00:00;2010;RENAULT;398000000.0
4097;2023-01-23 00:00:00+00:00;2021;CHEVROLET;413000000.0
4106;2023-01-14 00:00:00+00:00;2015;PEUGEOT;874000000.0
4123;2023-01-03 00:00:00+00:00;2018;TOYOTA;34000000.0
4125;2023-01-17 00:00:00+00:00;2011;TOYOTA;24000000.0
4137;2023-01-19 00:00:00+00:00;2012;CHEVROLET;858000000.0
4145;2023-01-17 00:00:00+00:00;2000;TOYOTA;509000000.0
4146;2023-01-31 00:00:00+00:00;2023;TOYOTA;474000000.0
4167;2023-01-07 00:00:00+00:00;2010;CHEVROLET;55000000.0
4185;2023-01-08 00:00:00+00:00;2015;CHEVROLET;860000000.0
4189;2023-01-28 00:00:00+00:00;2020;SUBARU;692000000.0
4190;2023-01-22 00:00:00+00:00;2021;CHEVROLET;492000000.0
4198;2023-01-23 00:00:00+00:00;2019;PEUGEOT;727000000.0
4207;2023-01-20 00:00:00+00:00;2018;CHEVROLET;350000000.0
4211;2023-01-11 00:00:00+00:00;2012;RENAULT;980000000.0
4228;2023-01-09 00:00:00+00:00;2018;PEUGEOT;870000000.0
4230;2023-01-23 00:00:00+00:00;2012;PEUGEOT;994000000.0
4236;2023-01-30 00:00:00+00:00;2001;MAZDA;692000000.0
4240;2023-01-23 00:00:00+00:00;2012;CHEVROLET;671000000.0
4242;2023-01-12 00:00:00+00:00;2015;RENAULT;838000000.0
4247;2023-01-23 00:00:00+00:00;2000;PEUGEOT;357000000.0
4249;2023-01-19 00:00:00+00:00;2010;MAZDA;766000000.0
4258;2023-01-18 00:00:00+00:00;2012;CHEVROLET;335000000.0
4260;2023-01-28 00:00:00+00:00;2010;RENAULT;585000000.0
4269;2023-01-09 00:00:00+00:00;2023;CHEVROLET;480000000.0
4294;2023-01-23 00:00:00+00:00;2015;PEUGEOT;610000000.0
4296;2023-01-29 00:00:00+00:00;2019;PEUGEOT;449000000.0
4321;2023-01-05 00:00:00+00:00;2015;MAZDA;458000000.0
4329;2023-01-16 00:00:00+00:00;2021;CHEVROLET;350000000.0
4332;2023-01-02 00:00:00+00:00;2021;TOYOTA;644000000.0
4351;2023-01-25 00:00:00+00:00;2019;MAZDA;693000000.0
4371;2023-01-07 00:00:00+00:00;2012;TOYOTA;47000000.0
4399;2023-01-03 00:00:00+00:00;2015;MAZDA;185000000.0
4400;2023-01-04 00:00:00+00:00;2000;TOYOTA;328000000.0
4409;2023-01-08 00:00:00+00:00;2015;PEUGEOT;177000000.0
4414;2023-01-22 00:00:00+00:00;2022;SUBARU;471000000.0
4417;2023-01-12 00:00:00+00:00;2001;TOYOTA;283000000.0
4420;2023-01-19 00:00:00+00:00;2012;CHEVROLET;584000000.0
4421;2023-01-18 00:00:00+00:00;2011;PEUGEOT;471000000.0
4424;2023-01-24 00:00:00+00:00;2000;CHEVROLET;40000000.0
4437;2023-01-18 00:00:00+00:00;2015;CHEVROLET;675000000.0
4441;2023-01-30 00:00:00+00:00;2015;CHEVROLET;999000000.0
4460;2023-01-07 00:00:00+00:00;2022;CHEVROLET;189000000.0
4461;2023-01-18 00:00:00+00:00;2022;RENAULT;54000000.0
4468;2023-01-26 00:00:00+00:00;2000;RENAULT;380000000.0
4481;2023-01-03 00:00:00+00:00;2011;TOYOTA;494000000.0
4484;2023-01-30 00:00:00+00:00;2021;MAZDA;367000000.0
4490;2023-01-14 00:00:00+00:00;2011;PEUGEOT;697000000.0
4498;2023-01-22 00:00:00+00:00;2019;CHEVROLET;989000000.0
4545;2023-01-06 00:00:00+00:00;2010;SUBARU;101000000.0
4554;2023-01-12 00:00:00+00:00;2010;SUBARU;409000000.0
4597;2023-01-11 00:00:00+00:00;2021;PEUGEOT;892000000.0
4604;2023-01-29 00:00:00+00:00;2000;RENAULT;623000000.0
4612;2023-01-21 00:00:00+00:00;2021;MAZDA;292000000.0
4620;2023-01-04 00:00:00+00:00;2018;PEUGEOT;949000000.0
4631;2023-01-07 00:00:00+00:00;2010;SUBARU;756000000.0
4644;2023-01-08 00:00:00+00:00;2021;CHEVROLET;414000000.0
4647;2023-01-04 00:00:00+00:00;2011;TOYOTA;386000000.0
4650;2023-01-02 00:00:00+00:00;2000;TOYOTA;799000000.0
4658;2023-01-21 00:00:00+00:00;2020;CHEVROLET;513000000.0
4671;2023-01-18 00:00:00+00:00;2001;MAZDA;776000000.0
4685;2023-01-22 00:00:00+00:00;2018;CHEVROLET;108000000.0
4719;2023-01-18 00:00:00+00:00;2021;CHEVROLET;834000000.0
4758;2023-01-12 00:00:00+00:00;2011;SUBARU;847000000.0
4759;;2000;RENAULT;641000000.0
4773;2023-01-02 00:00:00+00:00;2019;CHEVROLET;24000000.0
4778;2023-01-14 00:00:00+00:00;2021;CHEVROLET;383000000.0
4793;2023-01-18 00:00:00+00:00;2010;RENAULT;695000000.0
4809;2023-01-04 00:00:00+00:00;2011;RENAULT;3000000.0
4826;2023-01-14 00:00:00+00:00;2000;TOYOTA;413000000.0
4848;2023-01-08 00:00:00+00:00;2021;NISSAN;742000000.0
4850;2023-01-25 00:00:00+00:00;2010;CHEVROLET;805000000.0
4851;2023-01-23 00:00:00+00:00;2019;MAZDA;982000000.0
4855;2023-01-08 00:00:00+00:00;2019;MAZDA;228000000.0
4861;2023-01-28 00:00:00+00:00;2020;CHEVROLET;139000000.0
4875;2023-01-21 00:00:00+00:00;2012;RENAULT;475000000.0
4899;2023-01-11 00:00:00+00:00;1994;RENAULT;456000000.0
4917;2023-01-12 00:00:00+00:00;2018;SUBARU;145000000.0
4919;2023-01-31 00:00:00+00:00;2021;RENAULT;283000000.0
4931;2023-01-13 00:00:00+00:00;2019;RENAULT;713000000.0
4937;2023-01-29 00:00:00+00:00;2012;MAZDA;574000000.0
4942;2023-01-05 00:00:00+00:00;2000;RENAULT;408000000.0
4959;2023-01-20 00:00:00+00:00;2023;PEUGEOT;144000000.0
4960;2023-01-14 00:00:00+00:00;2019;TOYOTA;702000000.0
4964;2023-01-06 00:00:00+00:00;2023;TOYOTA;265000000.0
4982;2023-01-27 00:00:00+00:00;2015;CHEVROLET;87000000.0
5000;2023-01-22 00:00:00+00:00;2018;NISSAN;697000000.0
5007;2023-01-21 00:00:00+00:00;2022;CHEVROLET;475000000.0
5011;2023-01-23 00:00:00+00:00;2020;MAZDA;165000000.0
5039;2023-01-02 00:00:00+00:00;2021;PEUGEOT;776000000.0
5054;2023-01-21 00:00:00+00:00;2001;MAZDA;664000000.0
5065;2023-01-16 00:00:00+00:00;2000;NISSAN;859000000.0
5067;2023-01-19 00:00:00+00:00;2022;TOYOTA;473000000.0
5072;2023-01-02 00:00:00+00:00;2020;RENAULT;774000000.0
5082;2023-01-28 00:00:00+00:00;2010;SUBARU;246000000.0
5083;2023-01-03 00:00:00+00:00;2022;CHEVROLET;466000000.0
5085;2023-01-21 00:00:00+00:00;2018;PEUGEOT;958000000.0
5107;2023-01-27 00:00:00+00:00;2021;PEUGEOT;877000000.0
5108;2023-01-03 00:00:00+00:00;2019;NISSAN;486000000.0
5109;2023-01-23 00:00:00+00:00;2011;RENAULT;61000000.0
5112;;2022;MAZDA;423000000.0
5117;2023-01-24 00:00:00+00:00;2018;PEUGEOT;161000000.0
5123;2023-01-07 00:00:00+00:00;2022;NISSAN;204000000.0
5126;2023-01-03 00:00:00+00:00;2023;SUBARU;69000000.0
5131;2023-01-17 00:00:00+00:00;2000;SUBARU;553000000.0
5135;2023-01-08 00:00:00+00:00;2015;CHEVROLET;103000000.0
5139;2023-01-11 00:00:00+00:00;2022;CHEVROLET;498000000.0
5146;2023-01-14 00:00:00+00:00;2021;TOYOTA;11000000.0
5147;2023-01-13 00:00:00+00:00;2022;MAZDA;111000000.0
5148;2023-01-12 00:00:00+00:00;2015;RENAULT;739000000.0
5152;2023-01-09 00:00:00+00:00;2019;SUBARU;63000000.0
5160;2023-01-10 00:00:00+00:00;2000;CHEVROLET;283000000.0
5167;2023-01-13 00:00:00+00:00;2023;CHEVROLET;102000000.0
5171;2023-01-16 00:00:00+00:00;2021;NISSAN;31000000.0
5175;2023-01-04 00:00:00+00:00;2015;SUBARU;789000000.0
5180;2023-01-18 00:00:00+00:00;2015;RENAULT;532000000.0
5188;2023-01-05 00:00:00+00:00;2012;RENAULT;311000000.0
5197;2023-01-17 00:00:00+00:00;1994;SUBARU;995000000.0
5207;2023-01-05 00:00:00+00:00;2000;NISSAN;683000000.0
5212;2023-01-08 00:00:00+00:00;2012;PEUGEOT;784000000.0
5222;2023-01-13 00:00:00+00:00;2020;PEUGEOT;880000000.0
5225;2023-01-11 00:00:00+00:00;2000;MAZDA;610000000.0
5230;2023-01-31 00:00:00+00:00;2001;SUBARU;40000000.0
5240;2023-01-20 00:00:00+00:00;2022;RENAULT;780000000.0
5244;2023-01-03 00:00:00+00:00;2010;SUBARU;800000000.0
5273;2023-01-28 00:00:00+00:00;2012;RENAULT;471000000.0
5278;2023-01-27 00:00:00+00:00;2011;CHEVROLET;73000000.0
5279;;1994;MAZDA;170000000.0
5281;2023-01-06 00:00:00+00:00;1994;SUBARU;978000000.0
5286;2023-01-13 00:00:00+00:00;1994;NISSAN;497000000.0
5289;2023-01-17 00:00:00+00:00;2020;TOYOTA;545000000.0
5291;2023-01-25 00:00:00+00:00;1994;RENAULT;534000000.0
5311;2023-01-25 00:00:00+00:00;2000;CHEVROLET;647000000.0
5316;2023-01-24 00:00:00+00:00;2023;CHEVROLET;628000000.0
5344;2023-01-23 00:00:00+00:00;2023;TOYOTA;355000000.0
5348;2023-01-28 00:00:00+00:00;2011;NISSAN;171000000.0
5350;2023-01-02 00:00:00+00:00;2020;CHEVROLET;732000000.0
5352;2023-01-12 00:00:00+00:00;2020;MAZDA;676000000.0
5363;2023-01-11 00:00:00+00:00;2000;CHEVROLET;240000000.0
5373;2023-01-11 00:00:00+00:00;2000;MAZDA;588000000.0
5374;;2012;CHEVROLET;176000000.0
5392;2023-01-13 00:00:00+00:00;2011;SUBARU;319000000.0
5435;2023-01-22 00:00:00+00:00;2018;CHEVROLET;493000000.0
5444;2023-01-05 00:00:00+00:00;2018;TOYOTA;75000000.0
5471;2023-01-24 00:00:00+00:00;2022;PEUGEOT;740000000.0
5477;2023-01-19 00:00:00+00:00;2001;SUBARU;414000000.0
5481;2023-01-22 00:00:00+00:00;2020;MAZDA;676000000.0
5488;2023-01-10 00:00:00+00:00;2010;RENAULT;799000000.0
5518;2023-01-31 00:00:00+00:00;2021;SUBARU;300000000.0
5523;2023-01-06 00:00:00+00:00;1994;RENAULT;36000000.0
5537;2023-01-17 00:00:00+00:00;2001;RENAULT;997000000.0
5538;2023-01-23 00:00:00+00:00;2012;CHEVROLET;848000000.0
5540;2023-01-22 00:00:00+00:00;2020;CHEVROLET;258000000.0
5583;2023-01-22 00:00:00+00:00;1994;MAZDA;910000000.0
5587;2023-01-04 00:00:00+00:00;2018;PEUGEOT;819000000.0
5612;2023-01-19 00:00:00+00:00;2001;TOYOTA;382000000.0
5641;2023-01-08 00:00:00+00:00;2012;RENAULT;148000000.0
5649;2023-01-02 00:00:00+00:00;2015;CHEVROLET;847000000.0
5655;2023-01-30 00:00:00+00:00;2010;CHEVROLET;375000000.0
5694;;2010;PEUGEOT;847000000.0
5697;2023-01-03 00:00:00+00:00;2012;SUBARU;117000000.0
5716;2023-01-06 00:00:00+00:00;2010;NISSAN;178000000.0
5719;2023-01-21 00:00:00+00:00;2001;TOYOTA;660000000.0
5737;2023-01-19 00:00:00+00:00;2011;RENAULT;112000000.0
5740;2023-01-26 00:00:00+00:00;2021;MAZDA;261000000.0
5762;2023-01-24 00:00:00+00:00;2015;CHEVROLET;373000000.0
5763;2023-01-23 00:00:00+00:00;2000;PEUGEOT;43000000.0
5765;2023-01-28 00:00:00+00:00;2000;MAZDA;152000000.0
5782;2023-01-30 00:00:00+00:00;2019;CHEVROLET;84000000.0
5784;;2019;SUBARU;569000000.0
5809;2023-01-09 00:00:00+00:00;2000;CHEVROLET;236000000.0
5817;2023-01-11 00:00:00+00:00;2020;RENAULT;101000000.0
5818;2023-01-23 00:00:00+00:00;2018;NISSAN;266000000.0
5829;2023-01-04 00:00:00+00:00;1994;TOYOTA;896000000.0
5852;2023-01-13 00:00:00+00:00;1994;SUBARU;297000000.0
5862;2023-01-03 00:00:00+00:00;2012;CHEVROLET;301000000.0
5888;2023-01-14 00:00:00+00:00;2023;CHEVROLET;181000000.0
5894;2023-01-20 00:00:00+00:00;2023;SUBARU;505000000.0
5905;2023-01-26 00:00:00+00:00;2018;NISSAN;189000000.0
5917;2023-01-03 00:00:00+00:00;2012;MAZDA;560000000.0
5920;2023-01-30 00:00:00+00:00;2021;TOYOTA;399000000.0
5940;2023-01-25 00:00:00+00:00;2019;RENAULT;732000000.0
5946;2023-01-09 00:00:00+00:00;1994;CHEVROLET;251000000.0
5949;2023-01-27 00:00:00+00:00;2023;RENAULT;671000000.0
5957;2023-01-06 00:00:00+00:00;2020;TOYOTA;643000000.0
5962;2023-01-28 00:00:00+00:00;2023;RENAULT;916000000.0
5963;2023-01-14 00:00:00+00:00;1994;CHEVROLET;748000000.0
5974;2023-01-23 00:00:00+00:00;2020;MAZDA;841000000.0
5982;2023-01-09 00:00:00+00:00;2023;SUBARU;451000000.0
5983;2023-01-13 00:00:00+00:00;2010;NISSAN;230000000.0
6000;2023-01-19 00:00:00+00:00;2001;TOYOTA;112000000.0
6014;2023-01-17 00:00:00+00:00;1994;PEUGEOT;924000000.0
6016;2023-01-02 00:00:00+00:00;2021;TOYOTA;65000000.0
6019;2023-01-02 00:00:00+00:00;2012;RENAULT;331000000.0
6022;2023-01-22 00:00:00+00:00;2001;PEUGEOT;6000000.0
6025;2023-01-28 00:00:00+00:00;2020;CHEVROLET;184000000.0
6035;2023-01-31 00:00:00+00:00;2001;CHEVROLET;952000000.0
6036;2023-01-02 00:00:00+00:00;2000;CHEVROLET;51000000.0
6042;2023-01-13 00:00:00+00:00;2023;RENAULT;202000000.0
6067;2023-01-13 00:00:00+00:00;2001;NISSAN;885000000.0
6092;2023-01-27 00:00:00+00:00;2012;PEUGEOT;137000000.0
6095;2023-01-04 00:00:00+00:00;2015;CHEVROLET;925000000.0
6098;;2023;NISSAN;920000000.0
6117;2023-01-30 00:00:00+00:00;1994;CHEVROLET;325000000.0
6118;2023-01-30 00:00:00+00:00;2011;CHEVROLET;656000000.0
6158;2023-01-04 00:00:00+00:00;2019;CHEVROLET;894000000.0
6178;2023-01-28 00:00:00+00:00;2019;SUBARU;392000000.0
6188;2023-01-02 00:00:00+00:00;2000;CHEVROLET;658000000.0
6205;2023-01-18 00:00:00+00:00;2021;TOYOTA;609000000.0
6230;2023-01-22 00:00:00+00:00;2021;PEUGEOT;533000000.0
6239;2023-01-10 00:00:00+00:00;2001;CHEVROLET;96000000.0
6242;2023-01-18 00:00:00+00:00;2012;NISSAN;658000000.0
6249;2023-01-09 00:00:00+00:00;2023;RENAULT;375000000.0
6250;2023-01-23 00:00:00+00:00;2012;RENAULT;639000000.0
6253;2023-01-02 00:00:00+00:00;2012;TOYOTA;781000000.0
6257;2023-01-16 00:00:00+00:00;2001;PEUGEOT;753000000.0
6267;2023-01-09 00:00:00+00:00;2010;CHEVROLET;537000000.0
6270;2023-01-17 00:00:00+00:00;2019;SUBARU;103000000.0
6277;2023-01-13 00:00:00+00:00;2001;NISSAN;67000000.0
6278;2023-01-23 00:00:00+00:00;2023;NISSAN;293000000.0
6305;2023-01-23 00:00:00+00:00;2023;RENAULT;815000000.0
6315;2023-01-19 00:00:00+00:00;2023;CHEVROLET;696000000.0
6321;2023-01-21 00:00:00+00:00;2020;CHEVROLET;532000000.0
6330;2023-01-31 00:00:00+00:00;2012;CHEVROLET;591000000.0
6358;2023-01-28 00:00:00+00:00;2001;PEUGEOT;947000000.0
6405;2023-01-20 00:00:00+00:00;2020;CHEVROLET;63000000.0
6411;2023-01-26 00:00:00+00:00;2022;NISSAN;766000000.0
6418;2023-01-09 00:00:00+00:00;2019;CHEVROLET;573000000.0
6420;2023-01-27 00:00:00+00:00;2021;RENAULT;377000000.0
6423;2023-01-20 00:00:00+00:00;2015;RENAULT;388000000.0
6424;2023-01-21 00:00:00+00:00;1994;CHEVROLET;258000000.0
6447;2023-01-17 00:00:00+00:00;2018;RENAULT;769000000.0
6475;2023-01-08 00:00:00+00:00;2021;NISSAN;550000000.0
6482;2023-01-20 00:00:00+00:00;2010;TOYOTA;756000000.0
6484;2023-01-04 00:00:00+00:00;2019;TOYOTA;338000000.0
6494;2023-01-22 00:00:00+00:00;2022;CHEVROLET;335000000.0
6496;;2000;NISSAN;142000000.0
6504;2023-01-05 00:00:00+00:00;2020;SUBARU;496000000.0
6516;2023-01-31 00:00:00+00:00;2011;SUBARU;229000000.0
6528;2023-01-20 00:00:00+00:00;2000;TOYOTA;918000000.0
6529;2023-01-02 00:00:00+00:00;2021;SUBARU;867000000.0
6540;2023-01-11 00:00:00+00:00;2011;NISSAN;830000000.0
6560;2023-01-26 00:00:00+00:00;2022;NISSAN;983000000.0
6567;2023-01-17 00:00:00+00:00;2010;NISSAN;123000000.0
6582;;1994;SUBARU;707000000.0
6589;2023-01-30 00:00:00+00:00;2018;NISSAN;99000000.0
6603;2023-01-12 00:00:00+00:00;2011;CHEVROLET;345000000.0
6620;2023-01-30 00:00:00+00:00;1994;CHEVROLET;119000000.0
6665;;2023;RENAULT;282000000.0
6670;2023-01-08 00:00:00+00:00;2012;NISSAN;291000000.0
6672;2023-01-10 00:00:00+00:00;2021;SUBARU;7000000.0
6677;2023-01-28 00:00:00+00:00;1994;RENAULT;25000000.0
6694;2023-01-22 00:00:00+00:00;2018;MAZDA;483000000.0
6701;2023-01-14 00:00:00+00:00;2023;RENAULT;920000000.0
6702;2023-01-28 00:00:00+00:00;2012;RENAULT;343000000.0
6729;2023-01-12 00:00:00+00:00;1994;TOYOTA;510000000.0
6730;2023-01-28 00:00:00+00:00;1994;RENAULT;217000000.0
6788;2023-01-31 00:00:00+00:00;2023;NISSAN;218000000.0
6791;2023-01-30 00:00:00+00:00;2010;RENAULT;177000000.0
6795;2023-01-16 00:00:00+00:00;2020;MAZDA;53000000.0
6815;2023-01-17 00:00:00+00:00;2023;CHEVROLET;810000000.0
6816;2023-01-26 00:00:00+00:00;2010;TOYOTA;10000000.0
6818;2023-01-26 00:00:00+00:00;2015;NISSAN;961000000.0
6820;2023-01-30 00:00:00+00:00;2010;CHEVROLET;85000000.0
6821;2023-01-09 00:00:00+00:00;1994;CHEVROLET;84000000.0
6824;2023-01-13 00:00:00+00:00;1994;TOYOTA;247000000.0
6825;2023-01-03 00:00:00+00:00;2022;PEUGEOT;479000000.0
6831;2023-01-11 00:00:00+00:00;2021;CHEVROLET;108000000.0
6855;2023-01-18 00:00:00+00:00;2020;CHEVROLET;186000000.0
6857;2023-01-19 00:00:00+00:00;2018;SUBARU;589000000.0
6861;2023-01-17 00:00:00+00:00;1994;TOYOTA;635000000.0
6892;2023-01-25 00:00:00+00:00;2020;PEUGEOT;706000000.0
6913;2023-01-10 00:00:00+00:00;1994;NISSAN;723000000.0
6917;2023-01-30 00:00:00+00:00;2018;PEUGEOT;513000000.0
6920;2023-01-26 00:00:00+00:00;2000;TOYOTA;508000000.0
6922;2023-01-30 00:00:00+00:00;2023;CHEVROLET;600000000.0
6930;2023-01-22 00:00:00+00:00;2023;RENAULT;893000000.0
6936;2023-01-17 00:00:00+00:00;2021;RENAULT;597000000.0
6939;2023-01-13 00:00:00+00:00;2020;CHEVROLET;840000000.0
6940;2023-01-30 00:00:00+00:00;2012;NISSAN;525000000.0
6957;2023-01-03 00:00:00+00:00;2010;CHEVROLET;259000000.0
6963;2023-01-24 00:00:00+00:00;2023;RENAULT;960000000.0
6989;2023-01-11 00:00:00+00:00;2022;MAZDA;290000000.0
7013;2023-01-05 00:00:00+00:00;2011;NISSAN;526000000.0
7024;2023-01-23 00:00:00+00:00;2023;SUBARU;748000000.0
7050;2023-01-31 00:00:00+00:00;2011;MAZDA;419000000.0
7063;2023-01-19 00:00:00+00:00;2011;NISSAN;545000000.0
7094;2023-01-26 00:00:00+00:00;2022;TOYOTA;344000000.0
7107;2023-01-26 00:00:00+00:00;2012;CHEVROLET;309000000.0
7110;2023-01-16 00:00:00+00:00;2020;CHEVROLET;715000000.0
7116;2023-01-09 00:00:00+00:00;2018;TOYOTA;413000000.0
7123;2023-01-11 00:00:00+00:00;2019;CHEVROLET;641000000.0
7136;2023-01-12 00:00:00+00:00;2012;PEUGEOT;111000000.0
7149;2023-01-28 00:00:00+00:00;2021;MAZDA;47000000.0
7150;2023-01-08 00:00:00+00:00;2001;NISSAN;204000000.0
7153;2023-01-14 00:00:00+00:00;1994;CHEVROLET;158000000.0
7158;2023-01-03 00:00:00+00:00;1994;NISSAN;903000000.0
7177;2023-01-20 00:00:00+00:00;2022;SUBARU;796000000.0
7230;2023-01-18 00:00:00+00:00;1994;PEUGEOT;353000000.0
7232;2023-01-25 00:00:00+00:00;2000;CHEVROLET;780000000.0
7234;2023-01-19 00:00:00+00:00;2011;CHEVROLET;422000000.0
7250;2023-01-27 00:00:00+00:00;2000;CHEVROLET;374000000.0
7267;2023-01-28 00:00:00+00:00;2001;CHEVROLET;533000000.0
7273;2023-01-29 00:00:00+00:00;2019;RENAULT;204000000.0
7280;2023-01-19 00:00:00+00:00;2011;CHEVROLET;182000000.0
7281;2023-01-30 00:00:00+00:00;2023;CHEVROLET;122000000.0
7295;2023-01-03 00:00:00+00:00;1994;PEUGEOT;192000000.0
7304;2023-01-29 00:00:00+00:00;2018;RENAULT;821000000.0
7322;2023-01-05 00:00:00+00:00;2010;RENAULT;21000000.0
7335;2023-01-16 00:00:00+00:00;2000;TOYOTA;191000000.0
7336;2023-01-17 00:00:00+00:00;1994;SUBARU;748000000.0
7346;2023-01-08 00:00:00+00:00;2022;CHEVROLET;357000000.0
7351;2023-01-10 00:00:00+00:00;2012;CHEVROLET;881000000.0
7352;2023-01-17 00:00:00+00:00;2020;RENAULT;857000000.0
7366;2023-01-03 00:00:00+00:00;2022;MAZDA;789000000.0
7377;2023-01-06 00:00:00+00:00;2012;NISSAN;411000000.0
7411;2023-01-13 00:00:00+00:00;2010;RENAULT;895000000.0
7414;2023-01-17 00:00:00+00:00;2015;MAZDA;112000000.0
7416;2023-01-10 00:00:00+00:00;2020;CHEVROLET;782000000.0
7427;2023-01-19 00:00:00+00:00;2015;RENAULT;846000000.0
7434;2023-01-31 00:00:00+00:00;2021;MAZDA;65000000.0
7436;2023-01-13 00:00:00+00:00;2010;PEUGEOT;454000000.0
7438;2023-01-10 00:00:00+00:00;2020;NISSAN;50000000.0
7443;2023-01-30 00:00:00+00:00;2000;CHEVROLET;976000000.0
7448;2023-01-02 00:00:00+00:00;2012;RENAULT;751000000.0
7467;2023-01-31 00:00:00+00:00;2020;NISSAN;953000000.0
7470;2023-01-07 00:00:00+00:00;2023;NISSAN;475000000.0
7472;2023-01-04 00:00:00+00:00;2015;PEUGEOT;983000000.0
7474;2023-01-08 00:00:00+00:00;2022;MAZDA;94000000.0
7477;2023-01-19 00:00:00+00:00;2021;PEUGEOT;512000000.0
7483;2023-01-12 00:00:00+00:00;2000;SUBARU;500000000.0
7485;2023-01-29 00:00:00+00:00;2010;NISSAN;416000000.0
7490;2023-01-21 00:00:00+00:00;2023;TOYOTA;616000000.0
7494;2023-01-10 00:00:00+00:00;2015;MAZDA;110000000.0
7527;2023-01-07 00:00:00+00:00;2015;CHEVROLET;244000000.0
7530;2023-01-17 00:00:00+00:00;1994;SUBARU;558000000.0
7540;2023-01-03 00:00:00+00:00;2012;RENAULT;247000000.0
7546;2023-01-04 00:00:00+00:00;2000;SUBARU;423000000.0
7556;2023-01-18 00:00:00+00:00;2011;CHEVROLET;597000000.0
7566;2023-01-08 00:00:00+00:00;2015;PEUGEOT;930000000.0
7574;2023-01-06 00:00:00+00:00;1994;MAZDA;427000000.0
7575;2023-01-07 00:00:00+00:00;2012;SUBARU;633000000.0
7580;2023-01-25 00:00:00+00:00;2001;PEUGEOT;177000000.0
7587;2023-01-29 00:00:00+00:00;2015;CHEVROLET;551000000.0
7594;2023-01-25 00:00:00+00:00;2012;CHEVROLET;85000000.0
7607;2023-01-18 00:00:00+00:00;2000;SUBARU;984000000.0
7616;2023-01-12 00:00:00+00:00;2012;PEUGEOT;711000000.0
7627;2023-01-14 00:00:00+00:00;2018;TOYOTA;614000000.0
7649;2023-01-31 00:00:00+00:00;2018;SUBARU;511000000.0
7650;2023-01-30 00:00:00+00:00;2012;RENAULT;451000000.0
7661;2023-01-03 00:00:00+00:00;2023;CHEVROLET;813000000.0
7696;2023-01-14 00:00:00+00:00;2011;TOYOTA;275000000.0
7701;2023-01-19 00:00:00+00:00;2019;CHEVROLET;339000000.0
7708;2023-01-26 00:00:00+00:00;2022;CHEVROLET;371000000.0
7729;2023-01-12 00:00:00+00:00;2019;CHEVROLET;382000000.0
7736;2023-01-21 00:00:00+00:00;2010;PEUGEOT;749000000.0
7749;2023-01-11 00:00:00+00:00;2010;SUBARU;358000000.0
7762;2023-01-03 00:00:00+00:00;2021;SUBARU;121000000.0
7764;2023-01-12 00:00:00+00:00;2010;TOYOTA;109000000.0
7778;2023-01-23 00:00:00+00:00;2022;TOYOTA;645000000.0
7779;2023-01-07 00:00:00+00:00;1994;NISSAN;317000000.0
7782;2023-01-06 00:00:00+00:00;2018;CHEVROLET;819000000.0
7803;2023-01-05 00:00:00+00:00;2023;CHEVROLET;431000000.0
7805;2023-01-09 00:00:00+00:00;2010;NISSAN;515000000.0
7841;2023-01-09 00:00:00+00:00;2015;MAZDA;294000000.0
7847;2023-01-18 00:00:00+00:00;2018;CHEVROLET;675000000.0
7854;2023-01-19 00:00:00+00:00;2011;MAZDA;304000000.0
7858;2023-01-12 00:00:00+00:00;2023;RENAULT;202000000.0
7869;2023-01-13 00:00:00+00:00;2015;MAZDA;980000000.0
7877;2023-01-06 00:00:00+00:00;2020;MAZDA;511000000.0
7878;2023-01-25 00:00:00+00:00;2012;RENAULT;868000000.0
7910;2023-01-11 00:00:00+00:00;2018;CHEVROLET;720000000.0
7929;2023-01-03 00:00:00+00:00;2010;CHEVROLET;658000000.0
7946;2023-01-07 00:00:00+00:00;2021;SUBARU;681000000.0
7949;2023-01-20 00:00:00+00:00;2010;PEUGEOT;102000000.0
7956;2023-01-08 00:00:00+00:00;2015;PEUGEOT;195000000.0
7962;2023-01-06 00:00:00+00:00;2015;NISSAN;282000000.0
7985;2023-01-28 00:00:00+00:00;2020;TOYOTA;402000000.0
7994;2023-01-31 00:00:00+00:00;2012;CHEVROLET;9000000.0
8004;2023-01-14 00:00:00+00:00;2010;RENAULT;36000000.0
8011;2023-01-20 00:00:00+00:00;2023;SUBARU;326000000.0
8015;2023-01-19 00:00:00+00:00;2012;CHEVROLET;625000000.0
8019;;2000;TOYOTA;321000000.0
8038;2023-01-11 00:00:00+00:00;2018;CHEVROLET;263000000.0
8048;2023-01-04 00:00:00+00:00;2022;MAZDA;274000000.0
8054;2023-01-02 00:00:00+00:00;2011;PEUGEOT;949000000.0
8070;2023-01-28 00:00:00+00:00;2015;TOYOTA;951000000.0
8082;2023-01-14 00:00:00+00:00;2012;MAZDA;724000000.0
8098;2023-01-07 00:00:00+00:00;2015;RENAULT;632000000.0
8100;2023-01-28 00:00:00+00:00;2010;CHEVROLET;470000000.0
8119;2023-01-20 00:00:00+00:00;2018;NISSAN;839000000.0
8125;2023-01-07 00:00:00+00:00;2000;PEUGEOT;825000000.0
8152;2023-01-13 00:00:00+00:00;2015;CHEVROLET;793000000.0
8162;2023-01-31 00:00:00+00:00;1994;TOYOTA;911000000.0
8182;2023-01-16 00:00:00+00:00;1994;CHEVROLET;734000000.0
8188;;2011;TOYOTA;634000000.0
8189;2023-01-02 00:00:00+00:00;2011;PEUGEOT;884000000.0
8194;2023-01-16 00:00:00+00:00;2001;MAZDA;543000000.0
8201;2023-01-30 00:00:00+00:00;2001;TOYOTA;985000000.0
8223;2023-01-26 00:00:00+00:00;2010;TOYOTA;740000000.0
8252;2023-01-12 00:00:00+00:00;2023;PEUGEOT;959000000.0
8254;2023-01-17 00:00:00+00:00;2023;TOYOTA;146000000.0
8271;2023-01-14 00:00:00+00:00;2011;NISSAN;931000000.0
8277;2023-01-17 00:00:00+00:00;2012;CHEVROLET;889000000.0
8280;2023-01-31 00:00:00+00:00;2015;MAZDA;795000000.0
8287;2023-01-21 00:00:00+00:00;2020;SUBARU;250000000.0
8304;2023-01-19 00:00:00+00:00;2010;PEUGEOT;541000000.0
8323;2023-01-31 00:00:00+00:00;2020;CHEVROLET;999000000.0
8324;2023-01-28 00:00:00+00:00;2000;NISSAN;586000000.0
8356;2023-01-27 00:00:00+00:00;2018;SUBARU;554000000.0
8371;2023-01-03 00:00:00+00:00;2020;MAZDA;947000000.0
8375;2023-01-05 00:00:00+00:00;2019;CHEVROLET;508000000.0
8376;2023-01-23 00:00:00+00:00;2001;RENAULT;435000000.0
8378;2023-01-24 00:00:00+00:00;1994;CHEVROLET;980000000.0
8393;2023-01-31 00:00:00+00:00;2021;NISSAN;10000000.0
8394;2023-01-24 00:00:00+00:00;2015;MAZDA;569000000.0
8403;2023-01-05 00:00:00+00:00;2022;CHEVROLET;942000000.0
8406;2023-01-27 00:00:00+00:00;2011;TOYOTA;388000000.0
8422;2023-01-03 00:00:00+00:00;2022;CHEVROLET;591000000.0
8436;2023-01-22 00:00:00+00:00;2018;SUBARU;397000000.0
8439;2023-01-03 00:00:00+00:00;2022;MAZDA;835000000.0
8444;2023-01-03 00:00:00+00:00;2020;PEUGEOT;948000000.0
8454;2023-01-24 00:00:00+00:00;2001;PEUGEOT;782000000.0
8466;2023-01-12 00:00:00+00:00;2019;PEUGEOT;37000000.0
8476;2023-01-09 00:00:00+00:00;2001;TOYOTA;483000000.0
8489;2023-01-24 00:00:00+00:00;2018;SUBARU;241000000.0
8520;2023-01-07 00:00:00+00:00;1994;MAZDA;463000000.0
8526;2023-01-30 00:00:00+00:00;2000;CHEVROLET;853000000.0
8528;2023-01-11 00:00:00+00:00;2022;MAZDA;142000000.0
8538;2023-01-24 00:00:00+00:00;2015;SUBARU;193000000.0
8543;2023-01-25 00:00:00+00:00;2018;NISSAN;387000000.0
8544;2023-01-03 00:00:00+00:00;1994;CHEVROLET;842000000.0
8548;2023-01-27 00:00:00+00:00;2023;SUBARU;918000000.0
8563;;2022;SUBARU;284000000.0
8572;2023-01-19 00:00:00+00:00;2011;NISSAN;254000000.0
8581;2023-01-23 00:00:00+00:00;2023;PEUGEOT;604000000.0
8632;2023-01-02 00:00:00+00:00;2021;RENAULT;648000000.0
8643;2023-01-16 00:00:00+00:00;2018;CHEVROLET;702000000.0
8665;2023-01-23 00:00:00+00:00;2023;SUBARU;787000000.0
8669;2023-01-02 00:00:00+00:00;2023;NISSAN;411000000.0
8673;2023-01-26 00:00:00+00:00;2019;CHEVROLET;977000000.0
8681;2023-01-11 00:00:00+00:00;1994;SUBARU;284000000.0
8703;;2001;TOYOTA;458000000.0
8718;2023-01-03 00:00:00+00:00;2021;PEUGEOT;110000000.0
8724;2023-01-05 00:00:00+00:00;2018;RENAULT;681000000.0
8725;2023-01-17 00:00:00+00:00;2015;SUBARU;64000000.0
8739;;2019;TOYOTA;975000000.0
8757;2023-01-04 00:00:00+00:00;2021;RENAULT;664000000.0
8770;2023-01-14 00:00:00+00:00;2019;CHEVROLET;756000000.0
8773;2023-01-30 00:00:00+00:00;2015;NISSAN;794000000.0
8784;2023-01-25 00:00:00+00:00;2020;CHEVROLET;366000000.0
8803;;2011;NISSAN;562000000.0
8812;2023-01-31 00:00:00+00:00;2011;NISSAN;941000000.0
8813;2023-01-19 00:00:00+00:00;2000;TOYOTA;398000000.0
8818;2023-01-30 00:00:00+00:00;1994;CHEVROLET;601000000.0
8830;2023-01-22 00:00:00+00:00;2019;NISSAN;909000000.0
8863;2023-01-10 00:00:00+00:00;2011;CHEVROLET;642000000.0
8864;2023-01-09 00:00:00+00:00;2010;SUBARU;221000000.0
8937;2023-01-06 00:00:00+00:00;2023;CHEVROLET;802000000.0
8952;2023-01-21 00:00:00+00:00;2023;NISSAN;116000000.0
8974;2023-01-26 00:00:00+00:00;2001;MAZDA;8000000.0
8985;2023-01-16 00:00:00+00:00;2022;NISSAN;262000000.0
8994;2023-01-24 00:00:00+00:00;2000;MAZDA;699000000.0
9004;2023-01-04 00:00:00+00:00;1994;MAZDA;241000000.0
9011;2023-01-27 00:00:00+00:00;2021;SUBARU;867000000.0
9017;2023-01-21 00:00:00+00:00;2010;RENAULT;277000000.0
9022;2023-01-24 00:00:00+00:00;2001;PEUGEOT;852000000.0
9037;2023-01-04 00:00:00+00:00;2020;TOYOTA;655000000.0
9042;2023-01-18 00:00:00+00:00;1994;CHEVROLET;907000000.0
9055;2023-01-18 00:00:00+00:00;1994;SUBARU;429000000.0
9070;2023-01-14 00:00:00+00:00;2019;RENAULT;2000000.0
9073;2023-01-31 00:00:00+00:00;2011;MAZDA;200000000.0
9077;2023-01-31 00:00:00+00:00;2012;CHEVROLET;459000000.0
9086;2023-01-08 00:00:00+00:00;2021;CHEVROLET;161000000.0
9095;2023-01-27 00:00:00+00:00;2010;CHEVROLET;262000000.0
9107;2023-01-06 00:00:00+00:00;2015;NISSAN;855000000.0
9108;2023-01-26 00:00:00+00:00;2012;NISSAN;692000000.0
9116;2023-01-20 00:00:00+00:00;2018;NISSAN;326000000.0
9120;2023-01-05 00:00:00+00:00;2020;CHEVROLET;566000000.0
9133;2023-01-03 00:00:00+00:00;2019;RENAULT;292000000.0
9135;2023-01-18 00:00:00+00:00;2023;CHEVROLET;248000000.0
9158;2023-01-10 00:00:00+00:00;2023;TOYOTA;345000000.0
9185;2023-01-26 00:00:00+00:00;1994;NISSAN;762000000.0
9229;2023-01-20 00:00:00+00:00;2022;CHEVROLET;778000000.0
9246;2023-01-03 00:00:00+00:00;2023;SUBARU;775000000.0
9263;2023-01-30 00:00:00+00:00;2023;PEUGEOT;0.0
9271;2023-01-20 00:00:00+00:00;2021;CHEVROLET;682000000.0
9303;2023-01-11 00:00:00+00:00;2000;NISSAN;742000000.0
9320;2023-01-26 00:00:00+00:00;2010;MAZDA;370000000.0
9372;2023-01-18 00:00:00+00:00;2018;TOYOTA;404000000.0
9376;2023-01-04 00:00:00+00:00;2018;SUBARU;12000000.0
9378;2023-01-04 00:00:00+00:00;2021;RENAULT;966000000.0
9379;2023-01-06 00:00:00+00:00;2023;CHEVROLET;292000000.0
9384;;2019;RENAULT;174000000.0
9388;2023-01-21 00:00:00+00:00;2011;CHEVROLET;766000000.0
9397;2023-01-08 00:00:00+00:00;2023;RENAULT;155000000.0
9401;2023-01-09 00:00:00+00:00;2021;CHEVROLET;592000000.0
9406;2023-01-14 00:00:00+00:00;2011;RENAULT;432000000.0
9407;2023-01-25 00:00:00+00:00;2001;RENAULT;977000000.0
9411;2023-01-03 00:00:00+00:00;2010;PEUGEOT;895000000.0
9420;2023-01-20 00:00:00+00:00;2019;RENAULT;589000000.0
9422;2023-01-24 00:00:00+00:00;2019;PEUGEOT;132000000.0
9441;2023-01-17 00:00:00+00:00;2012;PEUGEOT;52000000.0
9447;2023-01-13 00:00:00+00:00;2018;NISSAN;431000000.0
9453;;2020;CHEVROLET;39000000.0
9454;2023-01-06 00:00:00+00:00;2018;CHEVROLET;822000000.0
9472;2023-01-25 00:00:00+00:00;2023;NISSAN;349000000.0
9480;;2011;MAZDA;837000000.0
9516;2023-01-18 00:00:00+00:00;2018;RENAULT;454000000.0
9528;;2010;PEUGEOT;487000000.0
9552;2023-01-04 00:00:00+00:00;2001;PEUGEOT;311000000.0
9566;2023-01-25 00:00:00+00:00;2019;MAZDA;793000000.0
9582;2023-01-26 00:00:00+00:00;2022;TOYOTA;987000000.0
9584;2023-01-30 00:00:00+00:00;2018;CHEVROLET;569000000.0
9591;2023-01-12 00:00:00+00:00;2000;CHEVROLET;968000000.0
9600;2023-01-05 00:00:00+00:00;2000;TOYOTA;219000000.0
9609;2023-01-21 00:00:00+00:00;2018;CHEVROLET;190000000.0
9614;2023-01-31 00:00:00+00:00;2015;NISSAN;242000000.0
9643;2023-01-23 00:00:00+00:00;2015;SUBARU;101000000.0
9645;2023-01-24 00:00:00+00:00;2012;TOYOTA;716000000.0
9660;2023-01-16 00:00:00+00:00;2015;MAZDA;394000000.0
9662;2023-01-14 00:00:00+00:00;2020;PEUGEOT;601000000.0
9668;2023-01-29 00:00:00+00:00;2001;NISSAN;710000000.0
9680;2023-01-04 00:00:00+00:00;2011;NISSAN;886000000.0
9710;2023-01-29 00:00:00+00:00;2010;SUBARU;593000000.0
9719;2023-01-24 00:00:00+00:00;2020;RENAULT;594000000.0
9721;2023-01-18 00:00:00+00:00;2011;CHEVROLET;895000000.0
9729;2023-01-23 00:00:00+00:00;2000;RENAULT;839000000.0
9733;2023-01-11 00:00:00+00:00;2011;PEUGEOT;166000000.0
9748;2023-01-05 00:00:00+00:00;2022;MAZDA;728000000.0
9751;2023-01-07 00:00:00+00:00;2019;SUBARU;255000000.0
9770;2023-01-22 00:00:00+00:00;2015;MAZDA;409000000.0
9775;2023-01-20 00:00:00+00:00;1994;PEUGEOT;731000000.0
9776;2023-01-31 00:00:00+00:00;2020;TOYOTA;731000000.0
9783;2023-01-07 00:00:00+00:00;2021;SUBARU;392000000.0
9786;2023-01-09 00:00:00+00:00;2021;RENAULT;820000000.0
9790;2023-01-31 00:00:00+00:00;2023;SUBARU;544000000.0
9792;2023-01-07 00:00:00+00:00;2018;MAZDA;821000000.0
9794;2023-01-30 00:00:00+00:00;2000;SUBARU;550000000.0
9795;2023-01-24 00:00:00+00:00;2023;MAZDA;970000000.0
9796;2023-01-28 00:00:00+00:00;2001;CHEVROLET;972000000.0
9806;2023-01-14 00:00:00+00:00;2022;NISSAN;704000000.0
9814;2023-01-16 00:00:00+00:00;2000;MAZDA;185000000.0
9845;2023-01-21 00:00:00+00:00;2011;TOYOTA;524000000.0
9857;2023-01-26 00:00:00+00:00;2015;SUBARU;210000000.0
9881;2023-01-16 00:00:00+00:00;1994;PEUGEOT;42000000.0
9882;2023-01-13 00:00:00+00:00;2010;RENAULT;146000000.0
9890;2023-01-04 00:00:00+00:00;2001;SUBARU;353000000.0
9891;2023-01-26 00:00:00+00:00;2021;PEUGEOT;911000000.0
9898;2023-01-23 00:00:00+00:00;2021;MAZDA;2000000.0
9916;2023-01-31 00:00:00+00:00;2018;TOYOTA;751000000.0
9933;2023-01-17 00:00:00+00:00;2011;PEUGEOT;512000000.0
9953;2023-01-10 00:00:00+00:00;2019;RENAULT;322000000.0
9954;2023-01-13 00:00:00+00:00;2020;PEUGEOT;261000000.0
9956;2023-01-10 00:00:00+00:00;2001;CHEVROLET;353000000.0
9967;2023-01-08 00:00:00+00:00;2012;NISSAN;705000000.0
9976;2023-01-17 00:00:00+00:00;2001;CHEVROLET;336000000.0
9978;2023-01-11 00:00:00+00:00;2000;NISSAN;836000000.0
9983;2023-01-28 00:00:00+00:00;2001;RENAULT;416000000.0
